<launch>
  <arg name="robot_name" value="robot1"/>
  <arg name="multi_robot_name" default=""/>
  <arg name="start_position" default="-x 0.0 -y 0.0 -z 0.03 -Y 0"/>
  <param name="robot_description"
        command="$(find xacro)/xacro '$(find urdf_description)/urdf/urdf.xacro'"/>
  <!-- <node pkg="gazebo_ros" type="spawn_model" name="spawn_$(arg robot_name)"
        args="$(arg start_position) -unpause -urdf -param /robot_description -model $(arg robot_name)" respawn="false">
  </node> -->

  <!-- <node pkg="robot_state_publisher" type="robot_state_publisher" name="robot_state_publisher">
    <param name="publish_frequency" type="double" value="30.0"/>
  </node> -->
  <!-- <node pkg="nodelet" type="nodelet" name="$(arg robot_name)_nodelet_manager" args="manager"/> -->
</launch>
